"name","phone"
"Stefano Coppola","16161122 8485"
"Giulia Rizzi","16230102 3509"
"Alessandro Antonelli","16280520 2914"
"Lucio Mele","16181023 2734"
"Matteo Bernardi","16511209 8792"
"Giacomo Ferretti","16771118 9410"
"Serena Palumbo","16520503 5487"
"Lara Fusco","16091015 2396"
"Gianpiero Ferrero","16551004 2517"
"Emma Castelli","16301017 6802"
"Alessio Di Stefano","16020812 3638"
"Francesco Martini","16861106 0974"
"Vincenzo Bernardi","16560912 8474"
"Nicola Catalano","16351022 1009"
"Dario Moro","16871001 9178"
"Emanuele Barbieri","16650627 0690"
"Cristiano Romano","16520318 2364"
"Alice Moro","16390624 9648"
"Giulietta Di Stefano","16741212 2165"
"Mirko Gentile","16431205 1560"
"Edoardo Cavallo","16570920 1999"
"Nicoletta Aiello","16900105 0377"
"Giulia Bruni","16420323 2527"
"Daniele Esposito","16281007 4688"
"Camilla Marino","16130103 5851"
"Cristian Albanese","16480510 7010"
"Alberto Coppola","16031130 2509"
"Valerio Marra","16590424 9843"
"Nicoletta Villa","16530909 3853"
"Rebecca Romeo","16840501 9855"
"Martina Ruggiero","16690401 7685"
"Armando Arena","16470813 0861"
"Alessio Piccolo","16811014 8726"
"Caterina Mancini","16740327 4777"
"Alessio Sanna","16291018 5368"
"Roberta Rinaldi","16850121 8047"
"Valerio Esposito","16180410 9153"
"Michele Fiore","16990520 7081"
"Noemi Parisi","16091218 9891"
"Irene Bianchi","16200118 5350"
"Giulio Perrone","16970121 9132"
"Manuel Meloni","16100102 9683"
"Salvatore Rossi","16630822 5355"
"Paola De Angelis","16500914 6860"
"Maria Antonelli","16020916 7253"
"Marcello Bruni","16471115 2100"
"Michela Lorusso","16790714 1332"
"Nicola Coppola","16770728 3375"
"Davide Pinna","16300210 1370"
"Simona Farina","16630606 0614"
"Giada Sala","16500115 5349"
"Sofia Ferrari","16760712 8308"
"Giada Olivieri","16240928 2239"
"Giorgio Pozzi","16271003 6266"
"Gabriele Bellini","16590223 8897"
"Gabriele Conti","16000410 3537"
"Irene Benedetti","16110711 9842"
"Ilaria Pagano","16010519 0813"
"Viola Mariani","16780307 3092"
"Augusto Marino","16991127 8019"
"Luigi Ruggeri","16700214 1245"
"Nicoletta Leone","16211221 4594"
"Michele Pellegrini","16530107 6666"
"Emma Barbieri","16180716 0245"
"Mario Sanna","16511203 9861"
"Gianluca Olivieri","16420502 7735"
"Emma Guidi","16230105 7291"
"Mirko Piras","16741123 7584"
"Irene Gargiulo","16111228 2718"
"Filippo Garofalo","16840520 0976"
"Alessandro Martinelli","16420913 7563"
"Roberto De Santis","16590928 9562"
"Giacomo Villani","16530319 4418"
"Valerio Vitale","16380913 4053"
"Monica Cattaneo","16030513 8000"
"Claudio Gallo","16260708 7794"
"Luca De Angelis","16360427 1803"
"Erika Ceccarelli","16330114 5052"
"Marcello Conti","16470321 4199"
"Federico Valentini","16241227 2250"
"Giulia Morelli","16820704 6692"
"Roberta Fumagalli","16871103 7484"
"Nicoletta Longo","16750723 7191"
"Lara Benedetti","16970412 2382"
"Alessio Martino","16821103 0997"
"Vincenzo Gargiulo","16710301 0489"
"Antonio Sala","16300324 7206"
"Erika Fontana","16441201 7826"
"Ilaria Rossi","16170313 3460"
"Valentina Villani","16830107 3758"
"Gabriele Romano","16961110 3400"
"Enrico Proietti","16910811 5750"
"Marcello Giuliani","16460130 2054"
"Alberto Esposito","16771127 8536"
"Marcello Pepe","16510420 6940"
"Greta Gatti","16750719 1091"
"Lucia Perrone","16490616 0066"
"Aurora Ricciardi","16680927 4936"
"Anna Gatti","16330310 0873"
"Marcello Conti","16320212 5146"