"message",contact_id
"sem.",7
"nec tempus scelerisque, lorem ipsum sodales purus, in molestie tortor",27
"Aliquam ornare, libero at auctor ullamcorper, nisl arcu iaculis",21
"purus ac tellus. Suspendisse",43
"nibh. Aliquam ornare, libero at",14
"vestibulum nec, euismod in,",93
"orci, consectetuer euismod est arcu ac",58
"metus. Vivamus euismod urna. Nullam lobortis quam",92
"Mauris nulla. Integer urna. Vivamus molestie dapibus ligula. Aliquam erat",6
"felis eget varius ultrices, mauris ipsum porta elit, a",42
"quam vel sapien imperdiet ornare. In faucibus. Morbi vehicula. Pellentesque",65
"ultricies ligula. Nullam enim. Sed nulla ante, iaculis nec, eleifend",31
"id sapien.",30
"tincidunt orci",63
"sed sem egestas blandit. Nam nulla",53
"risus, at fringilla purus mauris a",31
"aliquet odio. Etiam ligula",23
"pharetra sed, hendrerit",37
"Nullam ut nisi a",77
"ut, molestie in, tempus eu,",80
"magna sed dui. Fusce aliquam, enim nec tempus scelerisque,",24
"dui quis accumsan convallis, ante lectus convallis",96
"facilisis eget, ipsum.",31
"Class aptent taciti sociosqu",50
"aliquet. Phasellus fermentum convallis ligula. Donec luctus",3
"Aenean gravida",26
"mattis",65
"primis in faucibus orci luctus et",65
"parturient montes, nascetur",47
"lacus. Cras",83
"tempus non, lacinia at, iaculis quis, pede. Praesent",45
"convallis est, vitae sodales nisi magna sed dui. Fusce",98
"nonummy ut,",44
"risus. Donec egestas. Duis ac arcu. Nunc mauris.",24
"dignissim magna a tortor. Nunc",57
"Donec est mauris, rhoncus id, mollis nec,",73
"magna. Sed eu eros. Nam consequat dolor vitae dolor. Donec",79
"ante dictum",35
"non, dapibus",84
"id ante dictum cursus. Nunc mauris elit, dictum",57
"fringilla,",78
"lectus. Nullam suscipit, est ac",70
"odio. Etiam ligula tortor, dictum eu,",37
"mi, ac mattis velit justo nec",80
"augue.",63
"nulla. Integer vulputate, risus a",63
"Quisque nonummy ipsum non arcu. Vivamus",48
"aliquet lobortis, nisi nibh",87
"in, hendrerit consectetuer, cursus et,",76
"tortor, dictum eu, placerat eget, venenatis a,",51
"nostra, per inceptos hymenaeos. Mauris ut quam",93
"id ante dictum cursus. Nunc mauris elit, dictum eu, eleifend",14
"nec",38
"massa. Suspendisse eleifend. Cras",20
"nunc risus varius orci, in consequat enim",49
"sagittis semper. Nam tempor",59
"mauris, aliquam eu, accumsan sed, facilisis",51
"et, eros. Proin ultrices.",31
"sem eget massa. Suspendisse eleifend. Cras",27
"vitae semper",71
"auctor odio a purus. Duis elementum, dui",74
"Nullam suscipit,",20
"Proin velit. Sed malesuada augue",26
"sem. Pellentesque ut ipsum ac",18
"netus et malesuada fames ac turpis egestas. Fusce",8
"Morbi quis urna. Nunc quis arcu vel quam dignissim",48
"Ut sagittis lobortis",41
"ornare, libero",22
"scelerisque mollis. Phasellus libero mauris, aliquam eu, accumsan",73
"dui quis",11
"malesuada fringilla",51
"Curae; Phasellus ornare. Fusce mollis. Duis sit amet",58
"Sed et libero. Proin mi. Aliquam gravida mauris",20
"lorem fringilla ornare",53
"Phasellus elit pede, malesuada vel,",7
"libero. Donec consectetuer mauris id sapien. Cras dolor",32
"libero. Proin sed",67
"tristique ac, eleifend vitae,",77
"Praesent eu nulla at sem molestie sodales. Mauris",52
"Aliquam ornare, libero at auctor ullamcorper, nisl arcu iaculis enim,",96
"accumsan convallis, ante lectus convallis est, vitae sodales",2
"tellus. Suspendisse sed dolor. Fusce mi lorem, vehicula et,",40
"Proin vel nisl. Quisque fringilla euismod enim. Etiam gravida",34
"elit pede, malesuada vel, venenatis vel, faucibus",53
"Nullam suscipit, est ac facilisis",41
"pharetra. Quisque ac libero nec ligula consectetuer",48
"Donec porttitor tellus non magna.",29
"a purus. Duis elementum, dui quis",54
"in consequat enim",9
"penatibus et magnis dis parturient",64
"aliquet odio. Etiam ligula tortor, dictum",78
"posuere cubilia Curae; Donec tincidunt. Donec vitae",15
"malesuada",88
"elit, pretium et, rutrum non, hendrerit id, ante. Nunc",40
"magna. Ut tincidunt",74
"Maecenas mi felis, adipiscing fringilla, porttitor vulputate, posuere vulputate, lacus.",42
"dis parturient montes, nascetur ridiculus mus. Proin vel arcu eu",95
"ac mi eleifend egestas. Sed pharetra,",78
"magnis dis parturient montes, nascetur ridiculus",9
"Sed nec metus",21
